"",zona,variedad,tratamiento_entrada,ue,tratamiento_salida,fecha_entrada_latencia,fecha_salida_latencia,entidad_id,duracion_latencia_dias,absorbancia,concentracion_almidon_mg_por_g,peso_yema_mg,muestreo,peso_fresco,peso_seco,porcentaje_humedad,zona_id,variedad_id,tratamiento_entrada_id,tratamiento_salida_id
0,pichidegua,santina,zn+eth,1,dormex 3% + break,2024-05-08,2024-09-02,0,117.0,,,,M1,0.4124,0.2157,52.30358874878758,2,1,2,7
1,pichidegua,santina,fsh,2,dormex 2% + 2% ac. mineral,2024-05-12,2024-09-02,1,113.0,,,,M1,0.3628,0.1818999999999999,50.13781697905181,2,1,1,8
2,pichidegua,santina,control,3,erger 5% + nca 6%,2024-05-15,2024-09-02,2,110.0,,,,M1,0.318,0.1591,50.03144654088052,2,1,0,11
3,pichidegua,santina,zn+u+eth,4,control,2024-05-05,2024-09-03,3,121.0,,,,M1,0.5819,0.2839,48.788451623990376,2,1,3,6
4,pichidegua,santina,ethephon,5,erger 5% + nca 6%,2024-05-12,2024-09-09,4,120.0,,,,M1,0.3339999999999999,0.1667,49.910179640718574,2,1,4,11
5,pichidegua,santina,aba,6,dormex 3% + break,2024-05-05,2024-09-09,5,127.0,,,,M1,0.4454,0.2213,49.68567579703637,2,1,5,7
6,pichidegua,santina,zn+u+eth,7,dormex 2% + 2% ac. mineral,2024-05-09,2024-09-02,6,116.0,0.9595,20.47587882575858,200.3,M1,0.3845999999999999,0.1889,49.11596463858556,2,1,3,8
7,pichidegua,santina,control,8,control,2024-05-14,2024-09-21,7,130.0,1.0239,21.97432454198589,200.2,M1,0.4387,0.2055999999999999,46.86573968543424,2,1,0,6
8,pichidegua,santina,fsh,9,dormex 2% + 2% ac. mineral,2024-05-13,2024-09-02,8,112.0,1.1227,24.11295807901249,201.4,M1,0.3768,0.1875,49.76114649681528,2,1,1,8
9,pichidegua,santina,aba,10,control,2024-05-03,2024-09-16,9,136.0,0.721,14.892787443725428,201.3,M1,0.3354999999999999,0.1645999999999999,49.06110283159463,2,1,5,6
10,pichidegua,santina,zn+eth,11,erger 5% + nca 6%,2024-05-03,2024-09-02,10,122.0,1.0012,21.36437866186072,201.0,M1,0.2673999999999999,0.1323999999999999,49.51383694839191,2,1,2,11
11,pichidegua,santina,ethephon,12,dormex 3% + break,2024-05-13,2024-09-02,11,112.0,0.9832,21.00231724643976,200.5,M1,0.4866,0.2359,48.47924373201808,2,1,4,7
12,pichidegua,santina,zn+u+eth,13,dormex 2% + 2% ac. mineral,2024-05-03,2024-09-02,12,122.0,,,,M1,0.5835,0.287,49.1859468723222,2,1,3,8
13,pichidegua,santina,aba,14,erger 5% + nca 6%,2024-05-04,2024-09-09,13,128.0,,,,M1,0.3439,0.1731999999999999,50.36347775516137,2,1,5,11
14,pichidegua,santina,fsh,15,dormex 3% + break,2024-05-12,2024-09-02,14,113.0,,,,M1,0.3877,0.2022,52.15372710858912,2,1,1,7
15,pichidegua,santina,control,16,control,2024-05-21,2024-09-15,15,117.0,,,,M1,0.382,0.1927,50.44502617801048,2,1,0,6
16,pichidegua,santina,ethephon,17,control,2024-05-11,2024-09-02,16,114.0,,,,M1,0.5578000000000001,0.2805999999999999,50.30476873431336,2,1,4,6
17,pichidegua,santina,zn+eth,18,dormex 2% + 2% ac. mineral,2024-05-05,2024-09-02,17,120.0,,,,M1,0.5218,0.2581,49.46339593714066,2,1,2,8
18,pichidegua,santina,ethephon,19,erger 5% + nca 6%,2024-05-13,2024-09-02,18,112.0,1.2386,26.775330034197346,201.4,M1,0.2263,0.1117,49.359257622624845,2,1,4,11
19,pichidegua,santina,fsh,20,dormex 3% + break,2024-05-10,2024-09-02,19,115.0,1.1459,24.79361951950432,200.2,M1,0.4092,0.1997,48.80254154447703,2,1,1,7
20,teno prado,santina,zn+eth,1,dormex 2% + break,2024-05-07,2024-09-04,30,120.0,,,,M1,0.7121,0.3413,47.92866170481675,3,1,2,15
21,teno prado,santina,fsh,2,"dormex 1,5% + 2% ac. mineral",2024-05-09,2024-09-04,31,118.0,,,,M1,0.2795999999999999,0.132,47.21030042918456,3,1,1,16
22,teno prado,santina,control,3,erger 5% + nca 4%,2024-05-11,2024-09-04,32,116.0,,,,M1,0.4335,0.2093,48.28143021914648,3,1,0,12
23,teno prado,santina,zn+u+eth,4,control,2024-05-05,2024-09-07,33,125.0,,,,M1,0.4206,0.2047,48.66856871136472,3,1,3,6
24,teno prado,santina,ethephon,5,erger 5% + nca 4%,2024-05-09,2024-09-04,34,118.0,,,,M1,0.2973,0.1513,50.89135553313152,3,1,4,12
25,teno prado,santina,aba,6,dormex 2% + break,2024-05-03,2024-09-04,35,124.0,,,,M1,0.4799,0.2435999999999999,50.76057511981662,3,1,5,15
26,teno prado,santina,zn+u+eth,7,"dormex 1,5% + 2% ac. mineral",2024-04-30,2024-09-04,36,127.0,1.0801,23.11143055417865,201.6,M1,0.3704999999999999,0.1888999999999999,50.98515519568151,3,1,3,16
27,teno prado,santina,control,8,control,2024-05-06,2024-09-04,37,121.0,1.2988,28.326981831492585,200.2,M1,0.3400999999999999,0.1695,49.83828285798296,3,1,0,6
28,teno prado,santina,fsh,9,"dormex 1,5% + 2% ac. mineral",2024-05-08,2024-09-06,38,121.0,1.1238,24.282911167019424,200.2,M1,0.3406,0.1661,48.76688197298884,3,1,1,16
29,teno prado,santina,aba,10,control,2024-05-05,2024-09-05,39,123.0,0.4556,8.8063038957422,201.0,M1,0.2166,0.1077999999999999,49.76915974145891,3,1,5,6
30,teno prado,santina,zn+eth,11,erger 5% + nca 4%,2024-05-03,2024-09-13,40,133.0,1.2129,26.276295745367733,200.7,M1,0.3122,0.1521,48.71877001921845,3,1,2,12
31,teno prado,santina,ethephon,12,dormex 2% + break,2024-05-10,2024-09-04,41,117.0,1.1452,24.740369755694044,200.5,M1,0.3123999999999999,0.1566,50.12804097311141,3,1,4,15
32,teno prado,santina,zn+u+eth,13,"dormex 1,5% + 2% ac. mineral",2024-05-04,2024-09-04,42,123.0,,,,M1,0.1911,0.0963,50.39246467817896,3,1,3,16
33,teno prado,santina,aba,14,erger 5% + nca 4%,2024-05-05,2024-09-04,43,122.0,,,,M1,0.3247,0.1563,48.13674160763783,3,1,5,12
34,teno prado,santina,fsh,15,dormex 2% + break,2024-05-07,2024-09-04,44,120.0,,,,M1,0.2654999999999999,0.1294999999999999,48.7758945386064,3,1,1,15
35,teno prado,santina,control,16,control,2024-05-10,2024-09-11,45,124.0,,,,M1,0.4570999999999999,0.2254,49.31087289433384,3,1,0,6
36,teno prado,santina,ethephon,17,control,2024-05-10,2024-09-09,46,122.0,,,,M1,0.5298,0.2512999999999999,47.43299358248394,3,1,4,6
37,teno prado,santina,zn+eth,18,"dormex 1,5% + 2% ac. mineral",2024-05-01,2024-09-04,47,126.0,,,,M1,0.5685,0.2750999999999999,48.390501319261205,3,1,2,16
38,teno prado,santina,ethephon,19,erger 5% + nca 4%,2024-05-08,2024-09-04,48,119.0,1.0481,22.511073157871166,200.4,M1,0.687,0.323,47.016011644832616,3,1,4,12
39,teno prado,santina,fsh,20,dormex 2% + break,2024-05-08,2024-09-04,49,119.0,0.8052,16.92884762800187,200.1,M1,0.663,0.3138999999999999,47.34539969834087,3,1,1,15
40,melipilla,santina,zn+eth,1,dormex 3% + break,2024-05-12,2024-09-02,60,113.0,,,,M1,0.3012,0.1434,47.60956175298805,0,1,2,7
41,melipilla,santina,fsh,2,dormex 2% + 2% ac. mineral,2024-05-14,2024-09-07,61,116.0,,,,M1,0.4414,0.2182,49.43362029904848,0,1,1,8
42,melipilla,santina,control,3,erger 5% + nca 6%,2024-05-11,2024-09-02,62,114.0,,,,M1,0.3592,0.1771,49.30400890868597,0,1,0,11
43,melipilla,santina,zn+u+eth,4,control,2024-05-10,2024-09-18,63,131.0,,,,M1,0.1771999999999999,0.0913999999999999,51.58013544018059,0,1,3,6
44,melipilla,santina,ethephon,5,erger 5% + nca 6%,2024-05-17,2024-09-06,64,112.0,,,,M1,0.2505,0.1551999999999999,61.95608782435127,0,1,4,11
45,melipilla,santina,aba,6,dormex 3% + break,2024-05-17,2024-09-02,65,108.0,,,,M1,0.499,0.2413,48.3567134268537,0,1,5,7
46,melipilla,santina,zn+u+eth,7,dormex 2% + 2% ac. mineral,2024-05-13,2024-09-02,66,112.0,1.2495,27.10647117751525,200.8,M1,0.3907,0.1941999999999999,49.70565651394932,0,1,3,8
47,melipilla,santina,control,8,control,2024-05-21,2024-09-09,67,111.0,0.5673,11.399989252690691,200.6,M1,0.3246,0.1545,47.59704251386322,0,1,0,6
48,melipilla,santina,fsh,9,dormex 2% + 2% ac. mineral,2024-05-13,2024-09-05,68,115.0,1.1314,24.470762536844,200.1,M1,0.1819999999999999,0.0901999999999999,49.56043956043956,0,1,1,8
49,melipilla,santina,aba,10,control,2024-05-13,2024-09-13,69,123.0,1.3412,29.27755407528685,200.4,M1,0.539,0.2616,48.53432282003711,0,1,5,6
50,melipilla,santina,zn+eth,11,erger 5% + nca 6%,2024-05-11,2024-09-02,70,114.0,1.1926,25.85989163374993,200.3,M1,0.4724,0.2294,48.560541913632505,0,1,2,11
51,melipilla,santina,ethephon,12,dormex 3% + break,2024-05-18,2024-09-02,71,107.0,1.2267,26.59440512451158,200.7,M1,0.1911,0.0945,49.450549450549445,0,1,4,7
52,melipilla,santina,zn+u+eth,13,dormex 2% + 2% ac. mineral,2024-05-14,2024-09-02,72,111.0,,,,M1,0.4197999999999999,0.2052999999999999,48.90424011434017,0,1,3,8
53,melipilla,santina,aba,14,erger 5% + nca 6%,2024-05-12,2024-09-09,73,120.0,,,,M1,0.5654,0.2805999999999999,49.628581535196325,0,1,5,11
54,melipilla,santina,fsh,15,dormex 3% + break,2024-05-10,2024-09-09,74,122.0,,,,M1,0.4692999999999999,0.2244,47.81589601534201,0,1,1,7
55,melipilla,santina,control,16,control,2024-05-21,2024-09-14,75,116.0,,,,M1,0.2723,0.1309,48.07197943444731,0,1,0,6
57,melipilla,santina,zn+eth,18,dormex 2% + 2% ac. mineral,2024-05-14,2024-09-02,77,111.0,,,,M1,0.3201,0.1581999999999999,49.4220556076226,0,1,2,8
58,melipilla,santina,ethephon,19,erger 5% + nca 6%,2024-05-20,2024-09-05,78,108.0,1.2803,27.84383375434649,200.6,M1,0.1679999999999999,0.0831,49.46428571428572,0,1,4,11
59,melipilla,santina,fsh,20,dormex 3% + break,2024-05-14,2024-09-02,79,111.0,0.9453,20.168033031830134,200.1,M1,0.4812999999999999,0.2368,49.2000831082485,0,1,1,7
60,viluco,santina,zn+eth,1,dormex 2% + break,2024-05-11,2024-09-02,90,114.0,,,,M1,0.3953,0.21,53.124209461168725,1,1,2,15
61,viluco,santina,fsh,2,"dormex 1,5% + 2% ac. mineral",2024-05-13,2024-09-02,91,112.0,,,,M1,0.234,0.1185,50.64102564102564,1,1,1,16
62,viluco,santina,control,3,erger 5% + nca 4%,2024-05-17,2024-09-02,92,108.0,,,,M1,0.3427,0.1802,52.582433615407055,1,1,0,12
63,viluco,santina,zn+u+eth,4,control,2024-05-09,2024-09-02,93,116.0,,,,M1,0.2128,0.1146999999999999,53.90037593984961,1,1,3,6
64,viluco,santina,ethephon,5,erger 5% + nca 4%,2024-05-15,2024-09-02,94,110.0,,,,M1,0.5457000000000001,0.2853,52.281473336998346,1,1,4,12
65,viluco,santina,aba,6,dormex 2% + break,2024-05-09,2024-09-02,95,116.0,,,,M1,0.2998999999999999,0.1528,50.95031677225742,1,1,5,15
66,viluco,santina,zn+u+eth,7,"dormex 1,5% + 2% ac. mineral",2024-05-10,2024-09-02,96,115.0,1.1569,24.94812543804227,201.0,M1,0.3742,0.1935999999999999,51.73703901656868,1,1,3,16
67,viluco,santina,control,8,control,2024-05-12,2024-09-05,97,116.0,1.0193,21.86802325594831,200.2,M1,0.349,0.1802,51.63323782234958,1,1,0,6
68,viluco,santina,fsh,9,"dormex 1,5% + 2% ac. mineral",2024-05-11,2024-09-02,98,114.0,1.1254,24.139023711361137,201.7,M1,0.3158,0.1631,51.64661177960735,1,1,1,16
69,viluco,santina,aba,10,control,2024-05-15,2024-09-06,99,114.0,0.9524,20.33218875179574,200.1,M1,0.3225999999999999,0.1643,50.92994420334781,1,1,5,6
70,viluco,santina,zn+eth,11,erger 5% + nca 4%,2024-05-09,2024-09-02,100,116.0,0.9986,21.3257541197689,200.8,M1,0.2166,0.1161,53.60110803324101,1,1,2,12
71,viluco,santina,ethephon,12,dormex 2% + break,2024-05-17,2024-09-02,101,108.0,0.6701,13.784598279730153,200.4,M1,0.1484,0.0766999999999999,51.68463611859836,1,1,4,15
72,viluco,santina,zn+u+eth,13,"dormex 1,5% + 2% ac. mineral",2024-05-05,2024-09-02,102,120.0,,,,M1,0.345,0.1778999999999999,51.56521739130434,1,1,3,16
73,viluco,santina,aba,14,erger 5% + nca 4%,2024-05-11,2024-09-02,103,114.0,,,,M1,0.3303,0.1688,51.10505600968816,1,1,5,12
74,viluco,santina,fsh,15,dormex 2% + break,2024-05-15,2024-09-02,104,110.0,,,,M1,0.1614,0.0778,48.20322180916976,1,1,1,15
75,viluco,santina,control,16,control,2024-05-17,2024-09-07,105,113.0,,,,M1,0.2356,0.1187,50.38200339558574,1,1,0,6
76,viluco,santina,ethephon,17,control,2024-05-09,2024-09-02,106,116.0,,,,M1,0.2241,0.1073,47.88041053101294,1,1,4,6
77,viluco,santina,zn+eth,18,"dormex 1,5% + 2% ac. mineral",2024-05-05,2024-09-02,107,120.0,,,,M1,0.2674,0.1371,51.2715033657442,1,1,2,16
78,viluco,santina,ethephon,19,erger 5% + nca 4%,2024-05-09,2024-09-02,108,116.0,1.0771,23.226925746009712,200.0,M1,0.372,0.1909,51.31720430107527,1,1,4,12
79,viluco,santina,fsh,20,dormex 2% + break,2024-05-20,2024-09-02,109,105.0,1.0854,23.41892204487624,200.0,M1,0.0963,0.0494999999999999,51.4018691588785,1,1,1,15
80,santa ana,kordia,zn+eth,1,dormex 2% + break,2024-05-12,2024-09-16,120,127.0,,,,M1,1.1205999999999998,0.5059,45.14545779046939,4,2,2,15
81,santa ana,kordia,fsh,2,"dormex 1,5% + 2% ac. mineral",2024-05-14,2024-09-16,121,125.0,,,,M1,0.9307,0.4096,44.00988503277103,4,2,1,16
82,santa ana,kordia,control,3,erger 5% + nca 4%,2024-05-13,2024-09-09,122,119.0,,,,M1,0.7973000000000001,0.3743,46.94594255612693,4,2,0,12
83,santa ana,kordia,zn+u+eth,4,control,2024-05-11,2024-09-19,123,131.0,,,,M1,0.8056999999999999,0.363,45.0539903189773,4,2,3,6
84,santa ana,kordia,ethephon,5,erger 5% + nca 4%,2024-05-12,2024-09-06,124,117.0,,,,M1,0.7103999999999999,0.3176,44.70720720720722,4,2,4,12
85,santa ana,kordia,aba,6,dormex 2% + break,2024-05-12,2024-09-15,125,126.0,,,,M1,0.6173000000000001,0.2804,45.42361898590636,4,2,5,15
86,santa ana,kordia,zn+u+eth,7,"dormex 1,5% + 2% ac. mineral",2024-05-12,2024-09-18,126,129.0,,,,M1,0.7657,0.3402,44.42993339427975,4,2,3,16
87,santa ana,kordia,control,8,control,2024-05-14,2024-09-19,127,128.0,,,,M1,0.5606,0.2575999999999999,45.95076703531929,4,2,0,6
88,santa ana,kordia,fsh,9,"dormex 1,5% + 2% ac. mineral",2024-05-12,2024-09-10,128,121.0,,,,M1,0.7591,0.3396,44.73718877618232,4,2,1,16
89,santa ana,kordia,aba,10,control,2024-05-09,2024-09-22,129,136.0,,,,M1,0.8748,0.3974999999999999,45.43895747599451,4,2,5,6
90,santa ana,kordia,zn+eth,11,erger 5% + nca 4%,2024-05-07,2024-09-15,130,131.0,,,,M1,0.7988999999999999,0.3519,44.04806609087496,4,2,2,12
91,santa ana,kordia,ethephon,12,dormex 2% + break,2024-05-07,2024-09-16,131,132.0,,,,M1,0.5887,0.2574999999999999,43.74044504841175,4,2,4,15
92,santa ana,kordia,zn+u+eth,13,"dormex 1,5% + 2% ac. mineral",2024-05-05,2024-09-11,132,129.0,,,,M1,0.4503,0.2075,46.08039085054408,4,2,3,16
93,santa ana,kordia,aba,14,erger 5% + nca 4%,2024-05-09,2024-09-06,133,120.0,,,,M1,0.5823,0.2684,46.093079168813325,4,2,5,12
94,santa ana,kordia,fsh,15,dormex 2% + break,2024-06-02,2024-09-12,134,102.0,,,,M1,0.6441,0.3016999999999999,46.84055270920664,4,2,1,15
95,santa ana,kordia,control,16,control,2024-05-19,2024-09-19,135,123.0,,,,M1,0.4023,0.1791999999999999,44.54387273179219,4,2,0,6
96,santa ana,kordia,ethephon,17,control,2024-05-25,2024-09-19,136,117.0,,,,M1,0.428,0.1944,45.42056074766355,4,2,4,6
97,santa ana,kordia,zn+eth,18,"dormex 1,5% + 2% ac. mineral",2024-05-14,2024-09-06,137,115.0,,,,M1,0.4852000000000001,0.2179,44.90931574608409,4,2,2,16
98,santa ana,kordia,ethephon,19,erger 5% + nca 4%,2024-06-02,2024-09-14,138,104.0,,,,M1,0.4597,0.2117,46.05177289536655,4,2,4,12
99,santa ana,kordia,fsh,20,dormex 2% + break,2024-06-02,2024-09-06,139,96.0,,,,M1,0.3532999999999999,0.1668999999999999,47.24030568921596,4,2,1,15
100,teno don sergio,regina,zn+eth,1,dormex 2% + break,2024-05-11,2024-09-20,150,132.0,,,,M1,0.4992,0.235,47.07532051282052,5,0,2,15
101,teno don sergio,regina,fsh,2,"dormex 1,5% + 2% ac. mineral",2024-05-11,2024-09-19,151,131.0,,,,M1,0.246,0.1175999999999999,47.80487804878048,5,0,1,16
102,teno don sergio,regina,control,3,erger 5% + nca 4%,2024-05-18,2024-09-19,152,124.0,,,,M1,0.3782999999999999,0.1773,46.86756542426646,5,0,0,12
103,teno don sergio,regina,zn+u+eth,4,control,2024-05-13,2024-09-18,153,128.0,,,,M1,0.2308,0.1106999999999999,47.963604852686295,5,0,3,6
104,teno don sergio,regina,ethephon,5,erger 5% + nca 4%,2024-05-13,2024-09-20,154,130.0,,,,M1,0.5533,0.2563999999999999,46.340140972347726,5,0,4,12
105,teno don sergio,regina,aba,6,dormex 2% + break,2024-05-10,2024-09-18,155,131.0,,,,M1,0.2951,0.1402,47.50931887495764,5,0,5,15
106,teno don sergio,regina,zn+u+eth,7,"dormex 1,5% + 2% ac. mineral",2024-05-11,2024-09-17,156,129.0,0.9944,21.271359663278112,200.4,M1,0.4182999999999999,0.2320999999999999,55.48649294764523,5,0,3,16
107,teno don sergio,regina,control,8,control,2024-05-15,2024-09-19,157,127.0,0.9813,21.01087207957437,200.0,M1,0.5016,0.2347,46.79027113237639,5,0,0,6
108,teno don sergio,regina,fsh,9,"dormex 1,5% + 2% ac. mineral",2024-05-16,2024-09-19,158,126.0,0.833,17.527800590825258,200.6,M1,0.9247,0.4609,49.84319238672001,5,0,1,16
109,teno don sergio,regina,aba,10,control,2024-05-11,2024-09-26,159,138.0,0.9047,19.18141019919653,200.6,M1,0.4611999999999999,0.2298,49.82653946227234,5,0,5,6
110,teno don sergio,regina,zn+eth,11,erger 5% + nca 4%,2024-05-11,2024-09-19,160,131.0,1.1623,25.10989468850695,200.7,M1,0.3283,0.1588999999999999,48.4008528784648,5,0,2,12
111,teno don sergio,regina,ethephon,12,dormex 2% + break,2024-05-16,2024-09-19,161,126.0,0.995,21.25339475149491,200.7,M1,0.4914,0.2289999999999999,46.60154660154659,5,0,4,15
112,teno don sergio,regina,zn+u+eth,13,"dormex 1,5% + 2% ac. mineral",2024-05-14,2024-09-14,162,123.0,,,,M1,0.3979,0.1889,47.47423975873337,5,0,3,16
113,teno don sergio,regina,aba,14,erger 5% + nca 4%,2024-05-10,2024-09-14,163,127.0,,,,M1,0.5845,0.2620999999999999,44.841745081266026,5,0,5,12
114,teno don sergio,regina,fsh,15,dormex 2% + break,2024-05-14,2024-09-15,164,124.0,,,,M1,0.4221,0.2016,47.76119402985074,5,0,1,15
115,teno don sergio,regina,control,16,control,2024-05-13,2024-09-19,165,129.0,,,,M1,0.4146,0.1941,46.816208393632415,5,0,0,6
116,teno don sergio,regina,ethephon,17,control,2024-05-14,2024-09-19,166,128.0,,,,M1,0.4346,0.2064,47.49194661757939,5,0,4,6
117,teno don sergio,regina,zn+eth,18,"dormex 1,5% + 2% ac. mineral",2024-05-11,2024-09-19,167,131.0,,,,M1,0.6751,0.3127999999999999,46.333876462746254,5,0,2,16
118,teno don sergio,regina,ethephon,19,erger 5% + nca 4%,2024-05-13,2024-09-19,168,129.0,1.1628,25.15902730740231,200.4,M1,0.4749,0.2337,49.21036007580543,5,0,4,12
119,teno don sergio,regina,fsh,20,dormex 2% + break,2024-05-16,2024-09-18,169,125.0,1.0374,22.20864310924688,200.9,M1,0.6098,0.2763,45.30993768448672,5,0,1,15
120,wapri,regina,zn+eth,1,dormex 2% + break,2024-05-13,2024-09-07,180,117.0,,,,M1,0.6399,0.2996,46.8198155961869,7,0,2,15
121,wapri,regina,fsh,2,"dormex 1,5% + 2% ac. mineral",2024-05-10,2024-09-21,181,134.0,,,,M1,0.5719000000000001,0.2765000000000001,48.34761321909426,7,0,1,16
122,wapri,regina,control,3,erger 5% + nca 4%,2024-05-14,2024-09-13,182,122.0,,,,M1,0.3877,0.1837,47.38199638896055,7,0,0,12
123,wapri,regina,zn+u+eth,4,control,2024-05-08,2024-09-16,183,131.0,,,,M1,0.5924,0.2778,46.89399054692775,7,0,3,6
124,wapri,regina,ethephon,5,erger 5% + nca 4%,2024-05-08,2024-09-12,184,127.0,,,,M1,0.4269999999999999,0.1997,46.768149882903984,7,0,4,12
125,wapri,regina,aba,6,dormex 2% + break,2024-05-05,2024-09-11,185,129.0,,,,M1,0.5058999999999999,0.2431,48.05297489622456,7,0,5,15
126,wapri,regina,zn+u+eth,7,"dormex 1,5% + 2% ac. mineral",2024-05-10,2024-09-09,186,122.0,0.8419,17.706579932289426,200.9,M1,0.661,0.3133,47.39788199697429,7,0,3,16
127,wapri,regina,control,8,control,2024-05-13,2024-09-13,187,123.0,0.8938,18.93002463809128,200.6,M1,0.738,0.3445,46.68021680216801,7,0,0,6
128,wapri,regina,fsh,9,"dormex 1,5% + 2% ac. mineral",2024-05-08,2024-09-07,188,122.0,0.9676,20.652657211600395,200.4,M1,0.4666,0.2241,48.02828975567939,7,0,1,16
129,wapri,regina,aba,10,control,2024-05-06,2024-09-14,189,131.0,1.2023,26.0319508599384,200.7,M1,0.9856,0.4693,47.61566558441558,7,0,5,6
130,wapri,regina,zn+eth,11,erger 5% + nca 4%,2024-05-07,2024-09-12,190,128.0,0.5523,11.076131825611354,200.2,M1,0.6573,0.3072,46.736649931538096,7,0,2,12
131,wapri,regina,ethephon,12,dormex 2% + break,2024-05-14,2024-09-06,191,115.0,1.1455,24.784375929414097,200.2,M1,0.7345999999999999,0.3357,45.69833923223524,7,0,4,15
132,wapri,regina,zn+u+eth,13,"dormex 1,5% + 2% ac. mineral",2024-05-09,2024-09-11,192,125.0,,,,M1,0.5631,0.2686,47.70023086485528,7,0,3,16
133,wapri,regina,aba,14,erger 5% + nca 4%,2024-05-06,2024-09-12,193,129.0,,,,M1,0.5904,0.2789999999999999,47.2560975609756,7,0,5,12
134,wapri,regina,fsh,15,dormex 2% + break,2024-05-12,2024-09-11,194,122.0,,,,M1,0.5249999999999999,0.2481,47.25714285714287,7,0,1,15
135,wapri,regina,control,16,control,2024-05-11,2024-09-22,195,134.0,,,,M1,0.6117,0.2853,46.64051005394801,7,0,0,6
136,wapri,regina,ethephon,17,control,2024-05-09,2024-09-12,196,126.0,,,,M1,0.7350000000000001,0.3394999999999999,46.190476190476176,7,0,4,6
137,wapri,regina,zn+eth,18,"dormex 1,5% + 2% ac. mineral",2024-05-08,2024-09-12,197,127.0,,,,M1,0.622,0.2825,45.41800643086816,7,0,2,16
138,wapri,regina,ethephon,19,erger 5% + nca 4%,2024-05-13,2024-09-12,198,122.0,0.9929,21.27920425630349,200.0,M1,0.6207,0.2895999999999999,46.65700016110842,7,0,4,12
139,wapri,regina,fsh,20,dormex 2% + break,2024-05-13,2024-09-11,199,121.0,1.0613,22.85001380873292,200.1,M1,0.4096000000000001,0.1916,46.77734374999999,7,0,1,15
140,teno prado,regina,zn+eth,1,dormex 2% + break,2024-05-09,2024-09-11,210,125.0,,,,M1,0.4756999999999999,0.2301999999999999,48.39184359890688,3,0,2,15
141,teno prado,regina,fsh,2,"dormex 1,5% + 2% ac. mineral",2024-05-08,2024-09-11,211,126.0,,,,M1,0.536,0.2639999999999999,49.253731343283576,3,0,1,16
142,teno prado,regina,control,3,erger 5% + nca 4%,2024-05-15,2024-09-11,212,119.0,,,,M1,0.4195,0.2033999999999999,48.48629320619785,3,0,0,12
143,teno prado,regina,zn+u+eth,4,control,2024-05-11,2024-09-19,213,131.0,,,,M1,0.5403,0.2603,48.17693873773829,3,0,3,6
144,teno prado,regina,ethephon,5,erger 5% + nca 4%,2024-05-14,2024-09-09,214,118.0,,,,M1,0.6593,0.3087000000000001,46.82238738055514,3,0,4,12
145,teno prado,regina,aba,6,dormex 2% + break,2024-05-08,2024-09-08,215,123.0,,,,M1,0.4272,0.2145,50.21067415730337,3,0,5,15
146,teno prado,regina,zn+u+eth,7,"dormex 1,5% + 2% ac. mineral",2024-05-11,2024-09-10,216,122.0,,,,M1,0.4809,0.2364,49.15782907049283,3,0,3,16
147,teno prado,regina,control,8,control,2024-05-10,2024-09-16,217,129.0,,,,M1,0.5286,0.2613999999999999,49.45138100643208,3,0,0,6
148,teno prado,regina,fsh,9,"dormex 1,5% + 2% ac. mineral",2024-05-10,2024-09-11,218,124.0,,,,M1,0.8117,0.4006999999999999,49.36552913638043,3,0,1,16
149,teno prado,regina,aba,10,control,2024-05-08,2024-09-11,219,126.0,,,,M1,0.5666,0.275,48.53512177903284,3,0,5,6
150,teno prado,regina,zn+eth,11,erger 5% + nca 4%,2024-05-12,2024-09-11,220,122.0,,,,M1,0.5331999999999999,0.2649999999999999,49.69992498124531,3,0,2,12
151,teno prado,regina,ethephon,12,dormex 2% + break,2024-05-11,2024-09-06,221,118.0,,,,M1,0.4315,0.2138,49.54808806488992,3,0,4,15
152,teno prado,regina,zn+u+eth,13,"dormex 1,5% + 2% ac. mineral",2024-05-10,2024-09-11,222,124.0,,,,M1,0.5216999999999999,0.2593,49.70289438374545,3,0,3,16
153,teno prado,regina,aba,14,erger 5% + nca 4%,2024-05-10,2024-09-09,223,122.0,,,,M1,0.3662999999999999,0.1805999999999999,49.3038493038493,3,0,5,12
154,teno prado,regina,fsh,15,dormex 2% + break,2024-05-12,2024-09-07,224,118.0,,,,M1,0.3636999999999999,0.1774,48.77646411877922,3,0,1,15
155,teno prado,regina,control,16,control,2024-05-13,2024-09-08,225,118.0,,,,M1,0.5272,0.2562,48.596358118361145,3,0,0,6
156,teno prado,regina,ethephon,17,control,2024-05-09,2024-09-12,226,126.0,,,,M1,0.4277,0.2111,49.35702595277063,3,0,4,6
157,teno prado,regina,zn+eth,18,"dormex 1,5% + 2% ac. mineral",2024-05-08,2024-09-09,227,124.0,,,,M1,0.4781999999999999,0.2341,48.95441237975742,3,0,2,16
158,teno prado,regina,ethephon,19,erger 5% + nca 4%,2024-05-12,2024-09-12,228,123.0,,,,M1,0.6075999999999999,0.2924,48.123765635286375,3,0,4,12
159,teno prado,regina,fsh,20,dormex 2% + break,2024-05-11,2024-09-06,229,118.0,,,,M1,0.7319,0.3560999999999999,48.65418773056428,3,0,1,15
160,teno don sergio,kordia,zn+eth,1,dormex 2% + break,2024-05-12,2024-09-12,240,123.0,,,,M1,0.5118,0.2326,45.44744040640876,5,2,2,15
161,teno don sergio,kordia,fsh,2,"dormex 1,5% + 2% ac. mineral",2024-05-12,2024-09-15,241,126.0,,,,M1,0.5643,0.2563999999999999,45.4368243841928,5,2,1,16
162,teno don sergio,kordia,control,3,erger 5% + nca 4%,2024-05-16,2024-09-16,242,123.0,,,,M1,0.8068,0.3629,44.980168567178985,5,2,0,12
163,teno don sergio,kordia,zn+u+eth,4,control,2024-05-16,2024-09-19,243,126.0,,,,M1,0.8163,0.3793,46.46576013720446,5,2,3,6
164,teno don sergio,kordia,ethephon,5,erger 5% + nca 4%,2024-05-17,2024-09-16,244,122.0,,,,M1,0.9458,0.4352,46.013956438993446,5,2,4,12
165,teno don sergio,kordia,aba,6,dormex 2% + break,2024-05-11,2024-09-17,245,129.0,,,,M1,0.519,0.2310999999999999,44.52793834296724,5,2,5,15
166,teno don sergio,kordia,zn+u+eth,7,"dormex 1,5% + 2% ac. mineral",2024-05-12,2024-09-19,246,130.0,1.2906,27.96983686482386,201.4,M1,0.7815000000000001,0.3470999999999999,44.41458733205374,5,2,3,16
167,teno don sergio,kordia,control,8,control,2024-05-16,2024-09-19,247,126.0,1.3847,30.131434802553763,201.4,M1,0.5855,0.2641,45.106746370623405,5,2,0,6
168,teno don sergio,kordia,fsh,9,"dormex 1,5% + 2% ac. mineral",2024-05-13,2024-09-18,248,128.0,1.1702,25.29200078236466,200.7,M1,0.7038,0.3292,46.774651889741406,5,2,1,16
169,teno don sergio,kordia,aba,10,control,2024-05-12,2024-09-19,249,130.0,1.1805,25.542156782024964,200.6,M1,0.8033000000000001,0.3615,45.00186729739823,5,2,5,6
170,teno don sergio,kordia,zn+eth,11,erger 5% + nca 4%,2024-05-10,2024-09-19,250,132.0,0.8186,17.187127035482217,200.7,M1,0.7418,0.3395,45.76705311404692,5,2,2,12
171,teno don sergio,kordia,ethephon,12,dormex 2% + break,2024-05-19,2024-09-17,251,121.0,1.2611,27.4283724939665,200.4,M1,0.6938,0.3232,46.58402997982129,5,2,4,15
172,teno don sergio,kordia,zn+u+eth,13,"dormex 1,5% + 2% ac. mineral",2024-05-16,2024-09-19,252,126.0,,,,M1,0.6001000000000001,0.2712,45.192467922013,5,2,3,16
173,teno don sergio,kordia,aba,14,erger 5% + nca 4%,2024-05-12,2024-09-19,253,130.0,,,,M1,0.5941,0.2707,45.56471974415083,5,2,5,12
174,teno don sergio,kordia,fsh,15,dormex 2% + break,2024-05-12,2024-09-13,254,124.0,,,,M1,0.6573,0.6056999999999999,92.14970333181196,5,2,1,15
175,teno don sergio,kordia,control,16,control,2024-05-17,2024-09-19,255,125.0,,,,M1,0.8704,0.3944999999999999,45.32398897058823,5,2,0,6
176,teno don sergio,kordia,ethephon,17,control,2024-05-15,2024-09-19,256,127.0,,,,M1,0.7796000000000001,0.3587,46.01077475628527,5,2,4,6
177,teno don sergio,kordia,zn+eth,18,"dormex 1,5% + 2% ac. mineral",2024-05-14,2024-09-17,257,126.0,,,,M1,0.5776,0.269,46.57202216066482,5,2,2,16
178,teno don sergio,kordia,ethephon,19,erger 5% + nca 4%,2024-05-17,2024-09-19,258,125.0,1.2098,26.270283036417663,200.2,M1,0.5544,0.2557,46.12193362193362,5,2,4,12
179,teno don sergio,kordia,fsh,20,dormex 2% + break,2024-05-18,2024-09-16,259,121.0,0.906,19.154101530074698,201.2,M1,0.4647,0.2106,45.31956100710136,5,2,1,15
180,santa magdalena,regina,zn+eth,1,dormex 2% + break,2024-05-10,2024-09-06,270,119.0,,,,M1,0.7190000000000001,0.2347,32.642559109874824,8,0,2,15
181,santa magdalena,regina,fsh,2,"dormex 1,5% + 2% ac. mineral",2024-05-12,2024-09-06,271,117.0,,,,M1,0.4935999999999999,0.2362999999999999,47.872771474878455,8,0,1,16
182,santa magdalena,regina,control,3,erger 5% + nca 4%,2024-05-11,2024-09-12,272,124.0,,,,M1,1.0915,0.266,24.37013284470912,8,0,0,12
183,santa magdalena,regina,zn+u+eth,4,control,2024-05-12,2024-09-12,273,123.0,,,,M1,0.5823,0.3167,54.38777262579425,8,0,3,6
184,santa magdalena,regina,ethephon,5,erger 5% + nca 4%,2024-05-12,2024-09-10,274,121.0,,,,M1,0.6548999999999999,0.186,28.40128263857078,8,0,4,12
185,santa magdalena,regina,aba,6,dormex 2% + break,2024-05-09,2024-09-12,275,126.0,,,,M1,0.482,0.3305,68.56846473029046,8,0,5,15
186,santa magdalena,regina,zn+u+eth,7,"dormex 1,5% + 2% ac. mineral",2024-05-11,2024-09-06,276,118.0,1.2871,28.070628114117817,200.1,M1,0.6874,0.3323,48.34157695664825,8,0,3,16
187,santa magdalena,regina,control,8,control,2024-05-11,2024-09-13,277,125.0,1.0451,22.475461320924083,200.1,M1,0.5703,0.243,42.60915307732771,8,0,0,6
188,santa magdalena,regina,fsh,9,"dormex 1,5% + 2% ac. mineral",2024-05-12,2024-09-06,278,117.0,1.0924,23.533779076129488,200.4,M1,0.6013,0.2186,36.35456510893065,8,0,1,16
189,santa magdalena,regina,aba,10,control,2024-05-08,2024-09-12,279,127.0,1.0546,22.672445183716444,200.3,M1,0.4804,0.3112,64.77935054121565,8,0,5,6
190,santa magdalena,regina,zn+eth,11,erger 5% + nca 4%,2024-05-08,2024-09-07,280,122.0,0.9786,20.89617501469551,200.5,M1,0.6402,0.3246,50.7029053420806,8,0,2,12
191,santa magdalena,regina,ethephon,12,dormex 2% + break,2024-05-12,2024-09-08,281,119.0,0.6433,13.159329296467366,200.5,M1,0.8597000000000001,0.35,40.71187623589624,8,0,4,15
192,santa magdalena,regina,zn+u+eth,13,"dormex 1,5% + 2% ac. mineral",2024-05-10,2024-09-12,282,125.0,,,,M1,1.0656,0.2731,25.628753753753752,8,0,3,16
193,santa magdalena,regina,aba,14,erger 5% + nca 4%,2024-05-08,2024-09-06,283,121.0,,,,M1,0.6860999999999999,0.4201,61.23014137880776,8,0,5,12
194,santa magdalena,regina,fsh,15,dormex 2% + break,2024-05-13,2024-09-06,284,116.0,,,,M1,0.7248,0.2683,37.01710816777042,8,0,1,15
195,santa magdalena,regina,control,16,control,2024-05-12,2024-09-18,285,129.0,,,,,,,,8,0,0,6
196,santa magdalena,regina,ethephon,17,control,2024-05-12,2024-09-12,286,123.0,,,,M1,0.7047,0.2977999999999999,42.25911735490279,8,0,4,6
197,santa magdalena,regina,zn+eth,18,"dormex 1,5% + 2% ac. mineral",2024-05-10,2024-09-06,287,119.0,,,,M1,0.7522,0.3794999999999999,50.4520074448285,8,0,2,16
198,santa magdalena,regina,ethephon,19,erger 5% + nca 4%,2024-05-14,2024-09-11,288,120.0,0.5941,12.0420869900398,200.2,M1,0.8128,0.2181,26.833169291338585,8,0,4,12
199,santa magdalena,regina,fsh,20,dormex 2% + break,2024-05-14,2024-09-06,289,115.0,1.0193,21.84619888144137,200.4,M1,0.5703,0.3873,67.91162546028406,8,0,1,15
200,santa ana,regina,zn+eth,1,dormex 2% + break,2024-05-12,2024-09-06,300,117.0,,,,M1,0.2991,0.1291,43.16282179872952,4,0,2,15
201,santa ana,regina,fsh,2,"dormex 1,5% + 2% ac. mineral",2024-05-12,2024-09-10,301,121.0,,,,M1,0.5336,0.2452,45.952023988006005,4,0,1,16
202,santa ana,regina,control,3,erger 5% + nca 4%,2024-05-14,2024-09-12,302,121.0,,,,M1,0.562,0.261,46.44128113879004,4,0,0,12
203,santa ana,regina,zn+u+eth,4,control,2024-05-12,2024-09-15,303,126.0,,,,M1,0.5018,0.2362,47.0705460342766,4,0,3,6
204,santa ana,regina,ethephon,5,erger 5% + nca 4%,2024-05-13,2024-09-11,304,121.0,,,,M1,0.563,0.2572,45.683836589698046,4,0,4,12
205,santa ana,regina,aba,6,dormex 2% + break,2024-05-12,2024-09-09,305,120.0,,,,M1,0.3735,0.1703,45.59571619812584,4,0,5,15
206,santa ana,regina,zn+u+eth,7,"dormex 1,5% + 2% ac. mineral",2024-05-12,2024-09-11,306,122.0,0.7989,16.73301437105223,200.7,M1,0.4312,0.1957,45.38497217068645,4,0,3,16
207,santa ana,regina,control,8,control,2024-05-13,2024-09-13,307,123.0,0.673,13.858462826232548,200.3,M1,0.5189,0.2365,45.57718250144536,4,0,0,6
208,santa ana,regina,fsh,9,"dormex 1,5% + 2% ac. mineral",2024-05-12,2024-09-20,308,131.0,0.4988,9.829981489715456,200.4,M1,0.5164,0.2429999999999999,47.0565453137103,4,0,1,16
209,santa ana,regina,aba,10,control,2024-05-09,2024-09-12,309,126.0,0.8161,17.180861338934974,200.1,M1,0.3881,0.1687,43.46817830456068,4,0,5,6
210,santa ana,regina,zn+eth,11,erger 5% + nca 4%,2024-05-12,2024-09-12,310,123.0,0.5078,10.032748339652834,200.5,M1,0.2249999999999999,0.0938999999999999,41.73333333333333,4,0,2,12
211,santa ana,regina,ethephon,12,dormex 2% + break,2024-05-10,2024-09-11,311,124.0,0.8395,17.68652622434199,200.5,M1,0.6551,0.3036,46.34406960769347,4,0,4,15
212,santa ana,regina,zn+u+eth,13,"dormex 1,5% + 2% ac. mineral",2024-05-12,2024-09-06,312,117.0,,,,M1,0.1856,0.0743,40.0323275862069,4,0,3,16
213,santa ana,regina,aba,14,erger 5% + nca 4%,2024-05-08,2024-09-12,313,127.0,,,,M1,0.4264,0.1886,44.23076923076923,4,0,5,12
214,santa ana,regina,fsh,15,dormex 2% + break,2024-05-14,2024-09-06,314,115.0,,,,M1,0.5703,0.2038999999999999,35.75311239698404,4,0,1,15
215,santa ana,regina,control,16,control,2024-05-14,2024-09-12,315,121.0,,,,M1,0.4719,0.2133999999999999,45.221445221445215,4,0,0,6
216,santa ana,regina,ethephon,17,control,2024-05-11,2024-09-14,316,126.0,,,,M1,0.5076999999999999,0.2275999999999999,44.82962379357888,4,0,4,6
217,santa ana,regina,zn+eth,18,"dormex 1,5% + 2% ac. mineral",2024-05-11,2024-09-11,317,123.0,,,,M1,0.3732,0.1601,42.89924973204717,4,0,2,16
218,santa ana,regina,ethephon,19,erger 5% + nca 4%,2024-05-12,2024-09-10,318,121.0,0.8538,17.980618560452058,200.9,M1,0.3419999999999999,0.1513,44.23976608187136,4,0,4,12
219,santa ana,regina,fsh,20,dormex 2% + break,2024-05-11,2024-09-06,319,118.0,0.8881,18.8455390625298,200.1,M1,0.3283999999999999,0.1412,42.99634591961024,4,0,1,15
220,sarmiento,regina,zn+eth,1,dormex 2% + break,2024-05-10,2024-09-04,330,117.0,,,,M1,0.2601,0.1231999999999999,47.36639753940791,6,0,2,15
221,sarmiento,regina,fsh,2,"dormex 1,5% + 2% ac. mineral",2024-05-09,2024-09-04,331,118.0,,,,M1,0.3883999999999999,0.1848999999999999,47.60556127703399,6,0,1,16
222,sarmiento,regina,control,3,erger 5% + nca 4%,2024-05-13,2024-09-07,332,117.0,,,,M1,0.4913,0.2288,46.570323631182575,6,0,0,12
223,sarmiento,regina,zn+u+eth,4,control,2024-05-10,2024-09-15,333,128.0,,,,M1,0.4662999999999999,0.2182999999999999,46.81535492172421,6,0,3,6
224,sarmiento,regina,ethephon,5,erger 5% + nca 4%,2024-05-13,2024-09-10,334,120.0,,,,M1,0.5559999999999999,0.2663,47.8956834532374,6,0,4,12
225,sarmiento,regina,aba,6,dormex 2% + break,2024-05-10,2024-09-04,335,117.0,,,,M1,0.7024999999999999,0.3298,46.94661921708187,6,0,5,15
226,sarmiento,regina,zn+u+eth,7,"dormex 1,5% + 2% ac. mineral",2024-05-09,2024-09-04,336,118.0,1.2764,27.7262451466399,200.8,M1,0.5096999999999999,0.2412,47.32195409064156,6,0,3,16
227,sarmiento,regina,control,8,control,2024-05-10,2024-09-12,337,125.0,1.0454,22.392870758431844,200.9,M1,0.6514,0.3046999999999999,46.77617439361375,6,0,0,6
228,sarmiento,regina,fsh,9,"dormex 1,5% + 2% ac. mineral",2024-05-10,2024-09-05,338,118.0,1.2875,28.02385662030443,200.5,M1,0.7084,0.3348,47.26143421795595,6,0,1,16
229,sarmiento,regina,aba,10,control,2024-05-10,2024-09-11,339,124.0,1.0145,21.713716126660497,200.6,M1,0.5634,0.2666999999999999,47.337593184238536,6,0,5,6
230,sarmiento,regina,zn+eth,11,erger 5% + nca 4%,2024-05-09,2024-09-11,340,125.0,1.0921,23.52685330241668,200.4,M1,0.5584,0.2608,46.704871060171925,6,0,2,12
231,sarmiento,regina,ethephon,12,dormex 2% + break,2024-05-09,2024-09-04,341,118.0,0.9272,19.670907241724063,200.9,M1,0.6209,0.2951,47.52778225157031,6,0,4,15
232,sarmiento,regina,zn+u+eth,13,"dormex 1,5% + 2% ac. mineral",2024-05-10,2024-09-04,342,117.0,,,,M1,0.7643,0.3635,47.559858694230016,6,0,3,16
233,sarmiento,regina,aba,14,erger 5% + nca 4%,2024-05-09,2024-09-07,343,121.0,,,,M1,0.6396999999999999,0.3043,47.56917304986713,6,0,5,12
234,sarmiento,regina,fsh,15,dormex 2% + break,2024-05-11,2024-09-04,344,116.0,,,,M1,0.6025,0.2739999999999999,45.4771784232365,6,0,1,15
235,sarmiento,regina,control,16,control,2024-05-23,2024-09-13,345,113.0,,,,M1,0.5788,0.2652,45.81893572909468,6,0,0,6
236,sarmiento,regina,ethephon,17,control,2024-05-16,2024-09-11,346,118.0,,,,M1,0.4324,0.2006,46.392229417206295,6,0,4,6
237,sarmiento,regina,zn+eth,18,"dormex 1,5% + 2% ac. mineral",2024-05-11,2024-09-04,347,116.0,,,,M1,0.6835,0.3204,46.87637161667886,6,0,2,16
238,sarmiento,regina,ethephon,19,erger 5% + nca 4%,2024-05-17,2024-09-11,348,117.0,1.2075,26.19096759061105,200.4,M1,0.5778,0.265,45.86362062997578,6,0,4,12
239,sarmiento,regina,fsh,20,dormex 2% + break,2024-05-16,2024-09-04,349,111.0,1.0696,22.98448166949533,200.6,M1,0.5773,0.26,45.0372423350078,6,0,1,15
240,sarmiento,kordia,zn+eth,1,dormex 2% + break,2024-05-15,2024-09-04,360,112.0,,,,M1,0.5308999999999999,0.249,46.901488039178766,6,2,2,15
241,sarmiento,kordia,fsh,2,"dormex 1,5% + 2% ac. mineral",2024-05-14,2024-09-06,361,115.0,,,,M1,0.384,0.1812,47.1875,6,2,1,16
242,sarmiento,kordia,control,3,erger 5% + nca 4%,2024-05-19,2024-09-10,362,114.0,,,,M1,0.4795,0.2305999999999999,48.091762252346186,6,2,0,12
243,sarmiento,kordia,zn+u+eth,4,control,2024-05-14,2024-09-11,363,120.0,,,,M1,0.2983,0.1443,48.37412001340932,6,2,3,6
244,sarmiento,kordia,ethephon,5,erger 5% + nca 4%,2024-05-14,2024-09-12,364,121.0,,,,M1,0.4510999999999999,0.2110999999999999,46.79671913101308,6,2,4,12
245,sarmiento,kordia,aba,6,dormex 2% + break,2024-05-12,2024-09-04,365,115.0,,,,M1,0.598,0.2845999999999999,47.59197324414715,6,2,5,15
246,sarmiento,kordia,zn+u+eth,7,"dormex 1,5% + 2% ac. mineral",2024-05-14,2024-09-10,366,119.0,0.9713,20.69676418084313,200.8,M1,0.5266,0.2478,47.05658944170148,6,2,3,16
247,sarmiento,kordia,control,8,control,2024-05-20,2024-09-13,367,116.0,1.1882,25.71974107748464,200.6,M1,0.5660000000000001,0.2756999999999999,48.71024734982331,6,2,0,6
248,sarmiento,kordia,fsh,9,"dormex 1,5% + 2% ac. mineral",2024-05-14,2024-09-12,368,121.0,1.1881,25.781696244174928,200.1,M1,0.7104,0.3388,47.69144144144144,6,2,1,16
249,sarmiento,kordia,aba,10,control,2024-05-12,2024-09-12,369,123.0,1.0219,21.884381553465904,200.6,M1,0.5335,0.2509,47.02905342080601,6,2,5,6
250,sarmiento,kordia,zn+eth,11,erger 5% + nca 4%,2024-05-12,2024-09-12,370,123.0,0.6841,14.093735448754362,200.6,M1,0.5147,0.2432,47.25082572372256,6,2,2,12
251,sarmiento,kordia,ethephon,12,dormex 2% + break,2024-05-15,2024-09-13,371,121.0,1.1256,24.203610168735445,201.2,M1,0.715,0.3519,49.21678321678322,6,2,4,15
252,sarmiento,kordia,zn+u+eth,13,"dormex 1,5% + 2% ac. mineral",2024-05-12,2024-09-10,372,121.0,,,,M1,0.6285000000000001,0.298,47.414478918058855,6,2,3,16
253,sarmiento,kordia,aba,14,erger 5% + nca 4%,2024-05-10,2024-09-11,373,124.0,,,,M1,0.6240000000000001,0.2991999999999999,47.948717948717935,6,2,5,12
254,sarmiento,kordia,fsh,15,dormex 2% + break,2024-05-13,2024-09-13,374,123.0,,,,M1,0.6522,0.3075,47.14811407543698,6,2,1,15
255,sarmiento,kordia,control,16,control,2024-05-15,2024-09-13,375,121.0,,,,M1,0.4762,0.2593999999999999,54.47291054178915,6,2,0,6
256,sarmiento,kordia,ethephon,17,control,2024-05-14,2024-09-11,376,120.0,,,,M1,0.8465999999999999,0.4015999999999999,47.436806047720296,6,2,4,6
257,sarmiento,kordia,zn+eth,18,"dormex 1,5% + 2% ac. mineral",2024-05-13,2024-09-11,377,121.0,,,,M1,0.4294,0.2155,50.18630647414997,6,2,2,16
258,sarmiento,kordia,ethephon,19,erger 5% + nca 4%,2024-05-19,2024-09-11,378,115.0,0.8328,17.479619667585855,201.1,M1,0.5517000000000001,0.2622,47.52582925502989,6,2,4,12
259,sarmiento,kordia,fsh,20,dormex 2% + break,2024-05-16,2024-09-05,379,112.0,0.8678,18.35784375714937,200.3,M1,0.582,0.2764,47.4914089347079,6,2,1,15
260,wapri,kordia,zn+eth,1,dormex 2% + break,2024-05-13,2024-09-11,390,121.0,,,,M1,0.8301999999999999,0.3846,46.32618646109372,7,2,2,15
261,wapri,kordia,fsh,2,"dormex 1,5% + 2% ac. mineral",2024-05-12,2024-09-12,391,123.0,,,,M1,0.5738,0.2617,45.608225862669926,7,2,1,16
262,wapri,kordia,control,3,erger 5% + nca 4%,2024-05-02,2024-09-12,392,133.0,,,,M1,0.4985,0.2339,46.92076228686058,7,2,0,12
263,wapri,kordia,zn+u+eth,4,control,2024-04-30,2024-09-18,393,141.0,,,,M1,0.7465999999999999,0.3514,47.06670238414144,7,2,3,6
264,wapri,kordia,ethephon,5,erger 5% + nca 4%,2024-05-15,2024-09-12,394,120.0,,,,M1,0.6172,0.2863,46.38690861957226,7,2,4,12
265,wapri,kordia,aba,6,dormex 2% + break,2024-05-13,2024-09-11,395,121.0,,,,M1,0.7521,0.3596,47.81279085228028,7,2,5,15
266,wapri,kordia,zn+u+eth,7,"dormex 1,5% + 2% ac. mineral",2024-05-11,2024-09-06,396,118.0,,,,M1,0.5482,0.2582,47.099598686610726,7,2,3,16
267,wapri,kordia,control,8,control,2024-05-09,2024-09-13,397,127.0,,,,M1,0.6115,0.2913,47.63695829926411,7,2,0,6
268,wapri,kordia,fsh,9,"dormex 1,5% + 2% ac. mineral",2024-05-13,2024-09-12,398,122.0,,,,M1,0.8049999999999999,0.3853999999999999,47.87577639751553,7,2,1,16
269,wapri,kordia,aba,10,control,2024-05-12,2024-09-13,399,124.0,,,,M1,0.3538,0.1711,48.36065573770492,7,2,5,6
270,wapri,kordia,zn+eth,11,erger 5% + nca 4%,2024-05-12,2024-09-10,400,121.0,,,,M1,0.4380999999999999,0.2092,47.7516548733166,7,2,2,12
271,wapri,kordia,ethephon,12,dormex 2% + break,2024-05-09,2024-09-12,401,126.0,,,,M1,0.5044,0.2333,46.25297383029343,7,2,4,15
272,wapri,kordia,zn+u+eth,13,"dormex 1,5% + 2% ac. mineral",2024-05-09,2024-09-06,402,120.0,0.9484,20.249826509368493,200.0,M1,0.6295,0.3039,48.276409849086576,7,2,3,16
273,wapri,kordia,aba,14,erger 5% + nca 4%,2024-05-06,2024-09-12,403,129.0,1.0476,22.5107631174104,200.3,M1,0.5728,0.2688,46.92737430167598,7,2,5,12
274,wapri,kordia,fsh,15,dormex 2% + break,2024-05-03,2024-09-11,404,131.0,1.1747,25.3957321016507,200.7,M1,0.4187,0.1942,46.38165751134463,7,2,1,15
275,wapri,kordia,control,16,control,2024-05-02,2024-09-13,405,134.0,1.0292,22.08577025740593,200.3,M1,0.4483,0.2102,46.88824447914343,7,2,0,6
276,wapri,kordia,ethephon,17,control,2024-05-03,2024-09-16,406,136.0,0.9343,19.923664122137406,200.0,M1,0.7321,0.345,47.12470973910668,7,2,4,6
277,wapri,kordia,zn+eth,18,"dormex 1,5% + 2% ac. mineral",2024-05-11,2024-09-06,407,118.0,1.0393,22.330202760459528,200.2,M1,0.629,0.2973,47.26550079491256,7,2,2,16
278,wapri,kordia,ethephon,19,erger 5% + nca 4%,2024-05-14,2024-09-06,408,115.0,0.9611,20.482157506199886,200.6,M1,0.4514,0.2159,47.828976517501104,7,2,4,12
279,wapri,kordia,fsh,20,dormex 2% + break,2024-05-11,2024-09-09,409,121.0,0.8584,18.14978914215556,200.2,M1,0.4589,0.2214999999999999,48.26759642623664,7,2,1,15
